<?xml version="1.0" encoding="UTF-8"?>
<addon
    id="skin.arctic.zephyr"
    version="0.0.11"
    name="Arctic: Zephyr +"
    provider-name="jurialmunkey">
    <requires>
        <import addon="xbmc.gui" version="5.12.0"/>
        <import addon="script.skinshortcuts" version="0.4.0"/>
        <import addon="service.library.data.provider" version="0.1.0"/>
        <import addon="script.skin.helper.service" version="0.0.1"/>
        <import addon="script.extendedinfo" version="3.0.0"/>
        <import addon="script.globalsearch" version="5.0.0"/>
        <import addon="script.image.resource.select" version="0.0.5"/>
        <import addon="script.toolbox" version="1.0.0"/>
        <import addon="plugin.program.autocompletion" version="1.0.1"/>
        <!--<import addon="resource.images.weathericons.white" version="0.0.6"/> -->
    </requires>
    <extension
    point="xbmc.gui.skin"
    defaultthemename="Textures.xbt"
    debugging="false"
    effectslowdown="1">
        <res width="1920" height="1080" aspect="16:9" default="true" folder="1080i" />
    </extension>
    <extension point="xbmc.addon.metadata">
        <summary lang="en">Clean, minimal, elegant, simple, light.</summary>
        <summary lang="es">Limpio, minimalista, elegante, simple, ligero.</summary>
        <description lang="en">Arctic: Zephyr is the third iteration of the Arctic skin created by jurialmunkey. Arctic focuses on being simple, clean and minimalistic with a light spin.</description>
        <description lang="es">Arctic: Zephyr es la tercera versión de Arctic skin creada por jurialmunkey. La skin Arctic se centra en ser simple, limplia y minimalista con un toque de luminosidad.</description>
        <platform>all</platform>
        <license>Creative Commons Non Commercial 3.0 License</license>
        <forum>http://forum.kodi.tv/forumdisplay.php?fid=221</forum>
        <source>https://github.com/jurialmunkey/skin.arctic.zephyr</source>
        <assets>
			<icon>icon.png</icon>
			<fanart>fanart.jpg</fanart>
			<screenshot>resources/screenshot-01.jpg</screenshot>
		</assets>
    </extension>
</addon>
